time,CHDFLOW
1.000000000000,29700.69045495395
