time,PF,DS
1.000000000000,-95339.63896233475,-785445.3185778377
