time,RIV_1
365.0000000000,-141609.230608466
