time,RIV_1
365.0000000000,-131209.878964306
